{
  "Ansi 7 Color (Light)" : {
    "Red Component" : 0.12156862765550613,
    "Color Space" : "P3",
    "Alpha Component" : 1,
    "Blue Component" : 0.12156862765550613,
    "Green Component" : 0.12156862765550613
  },
  "Brighten Bold Text (Light)" : false,
  "Ansi 15 Color (Light)" : {
    "Red Component" : 0.17254902422428131,
    "Color Space" : "P3",
    "Alpha Component" : 1,
    "Blue Component" : 0.19215686619281769,
    "Green Component" : 0.16862745583057404
  },
  "Ansi 2 Color (Light)" : {
    "Red Component" : 0.078431375324726105,
    "Color Space" : "P3",
    "Alpha Component" : 1,
    "Blue Component" : 0.039215687662363052,
    "Green Component" : 0.44313725829124451
  },
  "Bold Color" : {
    "Red Component" : 0.062745101749897003,
    "Color Space" : "sRGB",
    "Alpha Component" : 1,
    "Blue Component" : 0.062745101749897003,
    "Green Component" : 0.062745101749897003
  },
  "Ansi 1 Color (Dark)" : {
    "Red Component" : 1,
    "Color Space" : "P3",
    "Alpha Component" : 1,
    "Blue Component" : 0.50196081399917603,
    "Green Component" : 0.58431375026702881
  },
  "Use Bright Bold" : true,
  "Ansi 9 Color (Light)" : {
    "Red Component" : 0.84313726425170898,
    "Color Space" : "P3",
    "Alpha Component" : 1,
    "Blue Component" : 0.23921568691730499,
    "Green Component" : 0.29803922772407532
  },
  "Ansi 8 Color (Dark)" : {
    "Red Component" : 0.4745098039215686,
    "Color Space" : "sRGB",
    "Alpha Component" : 1,
    "Blue Component" : 0.6627450980392157,
    "Green Component" : 0.4392156862745098
  },
  "Background Color" : {
    "Red Component" : 0.97999999999999998,
    "Color Space" : "sRGB",
    "Alpha Component" : 1,
    "Blue Component" : 0.97999999999999998,
    "Green Component" : 0.97999999999999998
  },
  "Columns" : 80,
  "Ansi 8 Color" : {
    "Red Component" : 0.40781760215759277,
    "Color Space" : "sRGB",
    "Alpha Component" : 1,
    "Blue Component" : 0.4078223705291748,
    "Green Component" : 0.40782788395881653
  },
  "Right Option Key Sends" : 0,
  "Ansi 4 Color (Light)" : {
    "Red Component" : 0.39215686917304993,
    "Color Space" : "P3",
    "Alpha Component" : 1,
    "Blue Component" : 0.78823530673980713,
    "Green Component" : 0.29019609093666077
  },
  "Blinking Cursor" : true,
  "Selected Text Color (Light)" : {
    "Red Component" : 0.7764706015586853,
    "Color Space" : "P3",
    "Alpha Component" : 1,
    "Blue Component" : 0.7607843279838562,
    "Green Component" : 0.7764706015586853
  },
  "Selected Text Color (Dark)" : {
    "Red Component" : 0.7764706015586853,
    "Color Space" : "P3",
    "Alpha Component" : 1,
    "Blue Component" : 0.7607843279838562,
    "Green Component" : 0.7764706015586853
  },
  "Cursor Type" : 2,
  "Keyboard Map" : {

  },
  "Ansi 3 Color (Dark)" : {
    "Red Component" : 1,
    "Color Space" : "P3",
    "Alpha Component" : 1,
    "Blue Component" : 0.50196081399917603,
    "Green Component" : 1
  },
  "Visual Bell" : true,
  "Cursor Text Color" : {
    "Red Component" : 1,
    "Color Space" : "sRGB",
    "Alpha Component" : 1,
    "Blue Component" : 1,
    "Green Component" : 1
  },
  "Scrollback Lines" : 1000,
  "Selection Color (Light)" : {
    "Red Component" : 0.81176471710205078,
    "Color Space" : "P3",
    "Alpha Component" : 1,
    "Blue Component" : 0.87058824300765991,
    "Green Component" : 0.81176471710205078
  },
  "Ansi 0 Color" : {
    "Red Component" : 0.078431375324726105,
    "Color Space" : "sRGB",
    "Alpha Component" : 1,
    "Blue Component" : 0.11764705926179886,
    "Green Component" : 0.098039217293262482
  },
  "Match Background Color (Dark)" : {
    "Red Component" : 1,
    "Color Space" : "P3",
    "Alpha Component" : 1,
    "Blue Component" : 0.50196081399917603,
    "Green Component" : 1
  },
  "Ansi 11 Color (Light)" : {
    "Red Component" : 0.61960786581039429,
    "Color Space" : "P3",
    "Alpha Component" : 1,
    "Blue Component" : 0.10196078568696976,
    "Green Component" : 0.51764708757400513
  },
  "Ansi 5 Color (Dark)" : {
    "Red Component" : 1,
    "Color Space" : "P3",
    "Alpha Component" : 1,
    "Blue Component" : 0.74901962280273438,
    "Green Component" : 0.50196081399917603
  },
  "Cursor Text Color (Light)" : {
    "Red Component" : 0.12156862765550613,
    "Color Space" : "P3",
    "Alpha Component" : 1,
    "Blue Component" : 0.12156862765550613,
    "Green Component" : 0.12156862765550613
  },
  "Silence Bell" : false,
  "Rows" : 25,
  "Draw Powerline Glyphs" : true,
  "Guid" : "E31BC19A-E56A-4F41-84E2-AE803B7A8C79",
  "Ansi 14 Color (Dark)" : {
    "Red Component" : 0.60000002384185791,
    "Color Space" : "P3",
    "Alpha Component" : 1,
    "Blue Component" : 0.93333333730697632,
    "Green Component" : 1
  },
  "Ansi 15 Color (Dark)" : {
    "Red Component" : 1,
    "Color Space" : "P3",
    "Alpha Component" : 1,
    "Blue Component" : 1,
    "Green Component" : 1
  },
  "Ansi 0 Color (Dark)" : {
    "Red Component" : 0.13333334028720856,
    "Color Space" : "P3",
    "Alpha Component" : 1,
    "Blue Component" : 0.17254902422428131,
    "Green Component" : 0.12941177189350128
  },
  "Ambiguous Double Width" : false,
  "Option Key Sends" : 0,
  "Ansi 3 Color" : {
    "Red Component" : 0.78058648109436035,
    "Color Space" : "sRGB",
    "Alpha Component" : 1,
    "Blue Component" : 0,
    "Green Component" : 0.76959484815597534
  },
  "Window Type" : 0,
  "BM Growl" : true,
  "Prompt Before Closing 2" : false,
  "Command" : "\/opt\/homebrew\/bin\/fish",
  "Selected Text Color" : {
    "Red Component" : 0,
    "Color Space" : "sRGB",
    "Alpha Component" : 1,
    "Blue Component" : 0,
    "Green Component" : 0
  },
  "Ansi 14 Color (Light)" : {
    "Red Component" : 0.015686275437474251,
    "Color Space" : "P3",
    "Alpha Component" : 1,
    "Blue Component" : 0.70588237047195435,
    "Green Component" : 0.49803921580314636
  },
  "Cursor Guide Color (Dark)" : {
    "Red Component" : 0.7486235499382019,
    "Color Space" : "P3",
    "Alpha Component" : 0.25,
    "Blue Component" : 0.99078255891799927,
    "Green Component" : 0.92049425840377808
  },
  "ASCII Ligatures" : true,
  "Send Code When Idle" : false,
  "Ansi 6 Color" : {
    "Red Component" : 0,
    "Color Space" : "sRGB",
    "Alpha Component" : 1,
    "Blue Component" : 0.78166204690933228,
    "Green Component" : 0.77425903081893921
  },
  "Jobs to Ignore" : [
    "rlogin",
    "ssh",
    "slogin",
    "telnet"
  ],
  "Badge Color (Dark)" : {
    "Red Component" : 0.91916567087173462,
    "Color Space" : "P3",
    "Alpha Component" : 0.5,
    "Blue Component" : 0.14500156044960022,
    "Green Component" : 0.25274839997291565
  },
  "Cursor Color" : {
    "Red Component" : 0,
    "Color Space" : "sRGB",
    "Alpha Component" : 1,
    "Blue Component" : 0,
    "Green Component" : 0
  },
  "Vertical Spacing" : 1,
  "Disable Window Resizing" : false,
  "Close Sessions On End" : true,
  "Selection Color (Dark)" : {
    "Red Component" : 0.27058824896812439,
    "Color Space" : "P3",
    "Alpha Component" : 1,
    "Blue Component" : 0.34509804844856262,
    "Green Component" : 0.25490197539329529
  },
  "Default Bookmark" : "No",
  "Foreground Color (Light)" : {
    "Red Component" : 0.12156862765550613,
    "Color Space" : "P3",
    "Alpha Component" : 1,
    "Blue Component" : 0.12156862765550613,
    "Green Component" : 0.12156862765550613
  },
  "Custom Command" : "Yes",
  "Background Color (Dark)" : {
    "Red Component" : 0.13333334028720856,
    "Color Space" : "P3",
    "Alpha Component" : 1,
    "Blue Component" : 0.17254902422428131,
    "Green Component" : 0.12941177189350128
  },
  "Ansi 9 Color" : {
    "Red Component" : 0.8659515380859375,
    "Color Space" : "sRGB",
    "Alpha Component" : 1,
    "Blue Component" : 0.45833224058151245,
    "Green Component" : 0.47524076700210571
  },
  "Ansi 14 Color" : {
    "Red Component" : 0.37597531080245972,
    "Color Space" : "sRGB",